N. amostra,Dia,H:m:s,Des.h.(mm),Car.cis.(KPa),Tensão nor.,Tensão cis.
0,25/8/22,17:28:8:49,41.2,213.2,0.85287,1.60629
1,25/8/22,17:28:9:49,42.2,214.2,0.860404,1.61382
2,25/8/22,17:28:10:49,43.2,215.2,0.867938,1.62136
3,25/8/22,17:28:11:50,44.2,216.2,0.875472,1.62889
4,25/8/22,17:28:12:50,45.2,217.2,0.883006,1.63642
