N. amostra,Dia,H:m:s,Des.h.(mm),Car.cis.(KPa),Tensão nor.,Tensão cis.
0,25/8/22,17:57:21:583,65.2,237.2,1.03369,1.78711
1,25/8/22,17:57:22:583,66.2,238.2,1.04122,1.79464
