N. amostra,Dia,H:m:s,Des.h.(mm),Car.cis.(KPa),Tensão nor.,Tensão cis.
0,25/8/22,17:42:5:218,44.2,216.2,0.875472,1.62889
1,25/8/22,17:42:6:218,45.2,217.2,0.883006,1.63642
