N. amostra,Dia,H:m:s,Des.h.(mm),Car.cis.(KPa),Tensão nor.,Tensão cis.
0,26/8/22,16:35:4:142,103.2,275.2,4.55262,7.15114
1,26/8/22,16:35:5:142,104.2,276.2,4.5786,7.17713
2,26/8/22,16:35:6:143,105.2,277.2,4.60459,7.20311
3,26/8/22,16:35:7:143,106.2,278.2,4.63057,7.2291
4,26/8/22,16:35:8:143,107.2,279.2,4.65656,7.25508
5,26/8/22,16:35:9:143,108.2,280.2,4.68254,7.28107
6,26/8/22,16:35:10:143,109.2,281.2,4.70853,7.30705
7,26/8/22,16:35:11:144,110.2,282.2,4.73451,7.33304
