N. amostra,Dia,H:m:s,Des.h.(mm),Car.cis.(KPa),Tensão nor.,Tensão cis.
0,25/8/22,17:58:6:105,101.2,273.2,4.50064,7.09917
1,25/8/22,17:58:7:106,102.2,274.2,4.52663,7.12515
2,25/8/22,17:58:8:106,103.2,275.2,4.55262,7.15114
3,25/8/22,17:58:9:106,104.2,276.2,4.5786,7.17713
4,25/8/22,17:58:10:106,105.2,277.2,4.60459,7.20311
5,25/8/22,17:58:11:106,106.2,278.2,4.63057,7.2291
