N. amostra,Dia,H:m:s,Des.h.(mm),Car.cis.(KPa),Tensão nor.,Tensão cis.
0,25/8/22,17:43:3:125,100.2,272.2,4.47466,7.07318
1,25/8/22,17:43:4:125,101.2,273.2,4.50064,7.09917
