N. amostra,Dia,H:m:s,Des.h.(mm),Car.cis.(KPa),Tensão nor.,Tensão cis.
0,26/8/22,16:33:40:720,84.2,256.2,1.17684,1.93026
1,26/8/22,16:33:41:720,85.2,257.2,1.18437,1.93779
2,26/8/22,16:33:42:720,86.2,258.2,1.19191,1.94533
3,26/8/22,16:33:43:720,87.2,259.2,1.19944,1.95286
4,26/8/22,16:33:44:720,88.2,260.2,1.20698,1.96039
5,26/8/22,16:33:45:721,89.2,261.2,1.21451,1.96793
